Team,Variable,ADF Statistic,p-value
AC Milan,League Standing,-0.4086514987502552,0.9086442346855148
AC Milan,Net Profit Margin,-1.0876425491406199,0.7199746710377145
AC Milan,Firm Size,-1.3097024339262908,0.6247218308384705
AC Milan,Leverage,-2.607588474588926,0.09143900490726004
AC Milan,Growth,-1.4064859703375283,0.5791627430584176
AC Milan,Return on Equity,-2.3141172965138783,0.16745527903842072
AC Milan,Goal Ratio,0.21498178383506597,0.9730894685975862
AS Monaco,League Standing,-1.7576288712621622,0.4016912715706489
AS Monaco,Net Profit Margin,-0.19268526235376932,0.9393879166669995
AS Monaco,Firm Size,-2.3173093291638605,0.16644612406890963
AS Monaco,Leverage,-27.41668867867314,0.0
AS Monaco,Growth,-1.5835024206441577,0.491875282250566
AS Monaco,Return on Equity,0.8731415597210931,0.9927296126337524
AS Monaco,Goal Ratio,-1.869702779299579,0.3464453128414593
AS Saint-Étienne,League Standing,-1.3180789501385946,0.620861121981143
AS Saint-Étienne,Net Profit Margin,2.360920394712454,0.998990715528075
AS Saint-Étienne,Firm Size,-2.0786297196308805,0.25319405976839376
AS Saint-Étienne,Leverage,-0.8951070093832322,0.7895794786776615
AS Saint-Étienne,Growth,-1.2617236235914515,0.6464969061788506
AS Saint-Étienne,Return on Equity,6.668124097884173,1.0
AS Saint-Étienne,Goal Ratio,-1.3307603087787405,0.6149846108744399
Alanyaspor,League Standing,-1.7322133422483112,0.4145962541145834
Alanyaspor,Net Profit Margin,-0.7997366207516089,0.8191994210548188
Alanyaspor,Firm Size,-4.099093966498013,0.0009718697267391887
Alanyaspor,Leverage,-1.348306860768454,0.6067925598660148
Alanyaspor,Growth,-4.283757262646119,0.00047387862994380893
Alanyaspor,Return on Equity,-2.639436829869213,0.0851172791361759
Alanyaspor,Goal Ratio,-1.663845265993865,0.44983009530648144
Angers SCO,League Standing,-1.4907119849998596,0.5381008814381879
Angers SCO,Net Profit Margin,-1.9369904126002184,0.31486464822489857
Angers SCO,Firm Size,-3.3041635819255064,0.014693384992275276
Angers SCO,Leverage,-1.4360585246251543,0.5648724008654296
Angers SCO,Growth,-2.327888780652555,0.16313096179680725
Angers SCO,Return on Equity,-2.071053397494751,0.25631230879392397
Angers SCO,Goal Ratio,-1.425899790216944,0.5697983952311991
Antalyaspor,League Standing,-2.7347137573984632,0.06822148154974282
Antalyaspor,Net Profit Margin,-3.163228656576356,0.02221427511229856
Antalyaspor,Firm Size,-2.144220203939043,0.22710899962550307
Antalyaspor,Leverage,-1.444662728657206,0.5606870097730052
Antalyaspor,Growth,-5.485488336599916,2.2348933565420545e-06
Antalyaspor,Return on Equity,-1.6989235274640633,0.4316671930836037
Antalyaspor,Goal Ratio,0.01646708096749688,0.9598728997909427
Arsenal,League Standing,-1.525425539619381,0.5208983016649543
Arsenal,Net Profit Margin,-2.0079916628705496,0.2830800644254067
Arsenal,Firm Size,-1.8564811370139804,0.3528023444328377
Arsenal,Leverage,-0.3188091428591264,0.9227978266707798
Arsenal,Growth,-1.362384328580376,0.6001708729137462
Arsenal,Return on Equity,-1.5541624548538138,0.506568340463037
Arsenal,Goal Ratio,-2.312953648433206,0.16782419127289477
Atalanta,League Standing,-1.7,0.4311124768686236
Atalanta,Net Profit Margin,-1.1555123427093656,0.6924346500873507
Atalanta,Firm Size,-1.3714792364362596,0.5958704077980547
Atalanta,Leverage,-1.0939922601081573,0.7174617661452114
Atalanta,Growth,-1.7917343067726224,0.38457303395040476
Atalanta,Return on Equity,-0.13290478634259453,0.9460608546073942
Atalanta,Goal Ratio,-1.3108659950529173,0.6241865617945552
Athletic Bilbao,League Standing,-5.592327894010802,1.320483668816104e-06
Athletic Bilbao,Net Profit Margin,-2.139010821167864,0.22912011745814836
Athletic Bilbao,Firm Size,-0.12150457530459012,0.947254021743941
Athletic Bilbao,Leverage,-0.18621936559700517,0.9401444215925772
Athletic Bilbao,Growth,-2.8936296442530125,0.04609381396082991
Athletic Bilbao,Return on Equity,-2.6870829094616777,0.07630028594129795
Athletic Bilbao,Goal Ratio,-0.6014742547477342,0.8706485576103058
Atlético Madrid,League Standing,-4.618802153517005,0.00011924542994731737
Atlético Madrid,Net Profit Margin,-1.2320644149745368,0.659652602403229
Atlético Madrid,Firm Size,-1.999744383659002,0.2866851892726546
Atlético Madrid,Leverage,-14.735757454530113,2.6171308922707035e-27
Atlético Madrid,Growth,-1.5618367365935246,0.50273043682042
Atlético Madrid,Return on Equity,-1.6010086914546362,0.4830867501959528
Atlético Madrid,Goal Ratio,-3.163791490366629,0.022178587102596153
Barcelona,League Standing,-1.166666666666666,0.6877680568948817
Barcelona,Net Profit Margin,-2.023732849363436,0.27626498628022567
Barcelona,Firm Size,-3.047164156653983,0.030718496171629174
Barcelona,Leverage,-1.1455459531972003,0.6965713698096052
Barcelona,Growth,-2.431641683771443,0.13300417480376026
Barcelona,Return on Equity,-2.443585744182868,0.12981051158815066
Barcelona,Goal Ratio,-2.406648866535194,0.13986860245712607
Beşiktaş,League Standing,-2.8316394223456167,0.05389449448105225
Beşiktaş,Net Profit Margin,-2.687282534653034,0.07626491838441067
Beşiktaş,Firm Size,-2.783258713868988,0.06070522017188435
Beşiktaş,Leverage,-0.9436037796308288,0.7732742727782873
Beşiktaş,Growth,-1.3107378720783016,0.6242455178628805
Beşiktaş,Return on Equity,-1.9914375426592938,0.290340012274318
Beşiktaş,Goal Ratio,-2.6813823533178076,0.07731571416295234
Bologna,League Standing,-4.989078982227994,2.3324569456760937e-05
Bologna,Net Profit Margin,-1.5811205268197195,0.493069970576283
Bologna,Firm Size,-1.097465257520824,0.7160816718885344
Bologna,Leverage,-0.7044614445808036,0.8455905361710848
Bologna,Growth,-1.5845891647842325,0.49133010913167346
Bologna,Return on Equity,1.6036500105496194,0.997868484942869
Bologna,Goal Ratio,-2.8081051427316153,0.05712530071348621
Brighton & Hove Albion,League Standing,-0.955779008721951,0.7690494508519905
Brighton & Hove Albion,Net Profit Margin,-1.3759488622677443,0.5937506919724704
Brighton & Hove Albion,Firm Size,-0.8666827633613297,0.7987462147365275
Brighton & Hove Albion,Leverage,-2.5130773535296878,0.11232479994116695
Brighton & Hove Albion,Growth,-1.5541700041929136,0.5065645671081915
Brighton & Hove Albion,Return on Equity,-1.543514062891409,0.511886354657666
Brighton & Hove Albion,Goal Ratio,0.18334349151180904,0.9713117543595634
Burnley,League Standing,-1.939677702183292,0.3136317280864812
Burnley,Net Profit Margin,-2.034802998777598,0.27152469018180225
Burnley,Firm Size,1.550648164628899,0.9977016969908623
Burnley,Leverage,-0.7648011754578078,0.8292434834653424
Burnley,Growth,-2.136025347145931,0.23027745247815345
Burnley,Return on Equity,-2.8740950954415005,0.04844437888758045
Burnley,Goal Ratio,-2.7387653096355917,0.06756702078867985
Celta Vigo,League Standing,-1.2188828110026444,0.665420517067082
Celta Vigo,Net Profit Margin,-0.9901690901100518,0.7568329905398519
Celta Vigo,Firm Size,-4.808837158710397,5.23080080515506e-05
Celta Vigo,Leverage,-1.665607480413259,0.4489139233251422
Celta Vigo,Growth,-2.3500228349259307,0.15634150773241273
Celta Vigo,Return on Equity,-3.284762470427952,0.01557348448140954
Celta Vigo,Goal Ratio,-1.3650969664930805,0.5988900346561695
Chelsea,League Standing,-4.242640687119286,0.0005575488294533369
Chelsea,Net Profit Margin,-2.5492723432028703,0.10394129735290702
Chelsea,Firm Size,-3.3845852494947133,0.011495718934133932
Chelsea,Leverage,-1.734857026275471,0.413248439899896
Chelsea,Growth,-1.5491115371178905,0.5090919644563764
Chelsea,Return on Equity,-2.328547558130886,0.16292602700384717
Chelsea,Goal Ratio,-0.3936491599212705,0.9111537523073545
Crystal Palace,League Standing,-1.594763064147534,0.48622365548952357
Crystal Palace,Net Profit Margin,-2.017903846474108,0.27877847829465197
Crystal Palace,Firm Size,-1.447460655545283,0.5593234727309498
Crystal Palace,Leverage,-0.8311248085509901,0.8098080158219789
Crystal Palace,Growth,-1.65177494527201,0.4561149031955895
Crystal Palace,Return on Equity,-1.9801952642900211,0.2953237227368468
Crystal Palace,Goal Ratio,-1.5741063672993043,0.496586329579484
Everton,League Standing,-0.583459965991578,0.8746757691880045
Everton,Net Profit Margin,-2.1261788449248282,0.23411906385254427
Everton,Firm Size,-1.8734293843690868,0.34466212530713497
Everton,Leverage,-1.5715771059387535,0.4978536302903183
Everton,Growth,-2.578520151696946,0.09751847558178833
Everton,Return on Equity,-1.5316125240134586,0.5178191724007856
Everton,Goal Ratio,-3.3766225360002964,0.011782096594582861
Fenerbahçe,League Standing,-1.4142135623730945,0.5754433086874293
Fenerbahçe,Net Profit Margin,-6.658049827270209,4.926767412578993e-09
Fenerbahçe,Firm Size,-1.3077710952330304,0.6256095711634567
Fenerbahçe,Leverage,-38.059534636277,0.0
Fenerbahçe,Growth,-2.4313270820684494,0.1330890511239941
Fenerbahçe,Return on Equity,-1.3061668587871031,0.6263462667252624
Fenerbahçe,Goal Ratio,-2.130900984562572,0.23227202523137308
Fiorentina,League Standing,-3.7527767497325666,0.0034291576312081096
Fiorentina,Net Profit Margin,-1.1970633949306695,0.6748576877947955
Fiorentina,Firm Size,1.2294086173916614,0.9961829020101377
Fiorentina,Leverage,-0.1549519025126525,0.9436825248310546
Fiorentina,Growth,-2.110661198020984,0.24024934616571592
Fiorentina,Return on Equity,-0.17895862730571058,0.940983658964052
Fiorentina,Goal Ratio,-2.4437661864983213,0.1297626923774305
Galatasaray,League Standing,-1.0157987663695809,0.7474585394355006
Galatasaray,Net Profit Margin,-1.6057534810159713,0.48070272533960196
Galatasaray,Firm Size,-1.0928254669314703,0.7179245288861685
Galatasaray,Leverage,-0.9607389584796815,0.7673132824050324
Galatasaray,Growth,-2.289426264021826,0.1754008930096288
Galatasaray,Return on Equity,-2.677206902950586,0.0780661983171485
Galatasaray,Goal Ratio,-2.1125193668636206,0.2395103908868893
Genoa,League Standing,-3.1617647058823533,0.022307333922789323
Genoa,Net Profit Margin,-0.5015950612874895,0.8917048550006381
Genoa,Firm Size,-0.6477587063931209,0.8598213343373085
Genoa,Leverage,-1.9638594780798782,0.30264071952230986
Genoa,Growth,-2.6073657570898137,0.09148445133254018
Genoa,Return on Equity,-0.05033992675246646,0.9541656773457331
Genoa,Goal Ratio,-3.431776327113167,0.009922154784145982
Getafe,League Standing,-0.4354245279418919,0.9040140248635529
Getafe,Net Profit Margin,-1.41697469889365,0.5741117251232113
Getafe,Firm Size,-2.24563568837537,0.19010099207982534
Getafe,Leverage,-12.310475165891578,7.110712835802453e-23
Getafe,Growth,-7.446709476995403,5.81256501996321e-11
Getafe,Return on Equity,-1.9047789448242547,0.32981629488099784
Getafe,Goal Ratio,-0.7180090199825955,0.842029487874627
Girondins de Bordeaux,League Standing,-1.3676499264225204,0.5976831783114197
Girondins de Bordeaux,Net Profit Margin,-1.9003636834493833,0.33189004189196647
Girondins de Bordeaux,Firm Size,-2.3923603120498056,0.14390427439499937
Girondins de Bordeaux,Leverage,0.5940642498340839,0.9874684056736861
Girondins de Bordeaux,Growth,-2.11232965115797,0.23958577620667448
Girondins de Bordeaux,Return on Equity,-1.400516285441906,0.5820285797788161
Girondins de Bordeaux,Goal Ratio,-1.3452122345654243,0.6082423905843177
Inter Milan,League Standing,-1.0674899923282326,0.7278609190420056
Inter Milan,Net Profit Margin,-1.3721225264080197,0.5955655807275441
Inter Milan,Firm Size,-1.3169366483818652,0.6213885973221146
Inter Milan,Leverage,-6.416624100798768,1.8344901167748474e-08
Inter Milan,Growth,-1.9414268773191619,0.3128304330385735
Inter Milan,Return on Equity,-2.341790850182381,0.15884348962080685
Inter Milan,Goal Ratio,-0.7205874678651237,0.8413446112723546
Istanbul Başakşehir,League Standing,-1.8103747256849463,0.3753232311002408
Istanbul Başakşehir,Net Profit Margin,-0.5214295489278093,0.8877663890893788
Istanbul Başakşehir,Firm Size,-0.9573031780706287,0.7685168613478197
Istanbul Başakşehir,Leverage,-0.5127098011004632,0.889512309092445
Istanbul Başakşehir,Growth,-2.2864880312741236,0.17636288900033248
Istanbul Başakşehir,Return on Equity,-1.9389160817348725,0.31398092673865097
Istanbul Başakşehir,Goal Ratio,-1.2985353997258684,0.6298421034200496
Juventus,League Standing,-0.49999999999999994,0.8920164965835715
Juventus,Net Profit Margin,0.42801876819177903,0.982513039460678
Juventus,Firm Size,-2.2166129704287085,0.2002712520021801
Juventus,Leverage,-4.309860034859785,0.0004270683870180579
Juventus,Growth,-3.445070079793655,0.009515094549549238
Juventus,Return on Equity,-2.0208187727937084,0.27752004947609477
Juventus,Goal Ratio,-3.2748898170527387,0.01603889688124282
Lazio,League Standing,-3.464101615137755,0.008958347544104746
Lazio,Net Profit Margin,-16.52730558863832,2.0385425205761994e-29
Lazio,Firm Size,-0.6594615670802909,0.8569724041905453
Lazio,Leverage,-2.2165388192797937,0.20029767125391307
Lazio,Growth,-2.463706148216986,0.12455654361644591
Lazio,Return on Equity,-5.993519077829824,1.7231126048299786e-07
Lazio,Goal Ratio,-3.4983865657113884,0.008028627284184596
Leicester City,League Standing,-1.4000000000000006,0.58227611852326
Leicester City,Net Profit Margin,-0.7013452731748722,0.8464007740163867
Leicester City,Firm Size,-0.5819218882898209,0.8750148398015967
Leicester City,Leverage,0.014157092093913949,0.9596873254013003
Leicester City,Growth,-2.417709401032169,0.13680031786451746
Leicester City,Return on Equity,-4.194932917376168,0.0006720349642762852
Leicester City,Goal Ratio,-1.553931306989326,0.5066838721140677
Lille OSC,League Standing,-3.137226748001612,0.02391811787824367
Lille OSC,Net Profit Margin,-2.9110476013088284,0.04407831196891522
Lille OSC,Firm Size,-5.203855945685733,8.634106822604845e-06
Lille OSC,Leverage,-2.566431031982907,0.10013564700946359
Lille OSC,Growth,-3.2967159199703153,0.015025912694285843
Lille OSC,Return on Equity,-1.3948408717409944,0.5847469549959741
Lille OSC,Goal Ratio,-4.258453135534505,0.0005238458106294013
Liverpool,League Standing,-2.8284271247461894,0.05432648529964076
Liverpool,Net Profit Margin,-2.9415277909314774,0.04072762770554315
Liverpool,Firm Size,-3.3866287377943416,0.011423230821391222
Liverpool,Leverage,-1.9896955290006653,0.29110944749843853
Liverpool,Growth,-1.8978808525141828,0.3330586803906754
Liverpool,Return on Equity,-2.853892665514899,0.05097837357323046
Liverpool,Goal Ratio,-2.2769374814015784,0.17951399875260682
Manchester City,League Standing,-2.0,0.28657309916843154
Manchester City,Net Profit Margin,-1.702993777988425,0.4295706562559866
Manchester City,Firm Size,-0.7566645312605444,0.8315214052073744
Manchester City,Leverage,-0.7463916740694372,0.8343644439513964
Manchester City,Growth,-2.3073396611610923,0.16961171082505894
Manchester City,Return on Equity,-1.649701433741776,0.4571961405910934
Manchester City,Goal Ratio,-1.388804521232326,0.5876314476651682
Manchester United,League Standing,-2.7692307692307687,0.062805124986818
Manchester United,Net Profit Margin,-0.47760065146417285,0.8963139578921567
Manchester United,Firm Size,-1.482669347267399,0.5420664830423065
Manchester United,Leverage,-0.5396757976419032,0.8840387471555143
Manchester United,Growth,-1.7437983243111774,0.4086991500341798
Manchester United,Return on Equity,1.435617996817709,0.99727009154872
Manchester United,Goal Ratio,-3.080119277888145,0.028059864228954918
Montpellier HSC,League Standing,-1.2060453783110552,0.6709897511547358
Montpellier HSC,Net Profit Margin,-2.00241623991268,0.2855146681678053
Montpellier HSC,Firm Size,-2.2572529970171127,0.18612541418983708
Montpellier HSC,Leverage,-0.8778146880079345,0.7951905450353987
Montpellier HSC,Growth,-5.842199255811297,3.7546385888602586e-07
Montpellier HSC,Return on Equity,-1.9967393669904034,0.28800460068114564
Montpellier HSC,Goal Ratio,-0.363274792131598,0.9160523585420901
Nantes,League Standing,-2.1122354181147664,0.23962322572460776
Nantes,Net Profit Margin,-1.5357202139617228,0.5157729189151035
Nantes,Firm Size,-3.646632391384324,0.004929608506768111
Nantes,Leverage,-2.1299356986799225,0.23264888842945958
Nantes,Growth,-1.7856979984866979,0.3875850010101201
Nantes,Return on Equity,-1.865839957765162,0.3482976934465263
Nantes,Goal Ratio,-2.1214037562032817,0.23599558923076164
Napoli,League Standing,-1.5622669317698874,0.502515175880069
Napoli,Net Profit Margin,-0.3646913390852761,0.9158292440339055
Napoli,Firm Size,-1.9333417177030643,0.3165422791226622
Napoli,Leverage,-0.5531757302487128,0.8812153328815957
Napoli,Growth,-3.9779622545677418,0.0015304067768887456
Napoli,Return on Equity,0.14402095623454841,0.9689412336077161
Napoli,Goal Ratio,-1.7374026184116065,0.41195179733476006
Newcastle United,League Standing,-2.514474228374851,0.11199219068735183
Newcastle United,Net Profit Margin,-0.423731415262227,0.906060442550238
Newcastle United,Firm Size,-3.8681257026936056,0.0022823577534536676
Newcastle United,Leverage,-2.731312375717786,0.06877481531967643
Newcastle United,Growth,-1.3894947082149731,0.5873019966182129
Newcastle United,Return on Equity,-3.0454644475666885,0.030861248813215347
Newcastle United,Goal Ratio,-1.4900366104551206,0.5384342015507093
OGC Nice,League Standing,-3.6336104634371593,0.005150039534684389
OGC Nice,Net Profit Margin,1.1935930405719457,0.9959413168486793
OGC Nice,Firm Size,0.8707615974437356,0.9926966444065158
OGC Nice,Leverage,-1.5827564520363537,0.4922494690465128
OGC Nice,Growth,-2.1753347701202825,0.21531897628035374
OGC Nice,Return on Equity,83.68897139441421,1.0
OGC Nice,Goal Ratio,-1.360049257695154,0.6012721846119908
Olympique Lyonnais (Lyon),League Standing,-1.543361529060565,0.511962467809991
Olympique Lyonnais (Lyon),Net Profit Margin,-1.6392606866988026,0.46264713164026977
Olympique Lyonnais (Lyon),Firm Size,-1.2229762706783718,0.663634638938027
Olympique Lyonnais (Lyon),Leverage,0.3427298477862512,0.9792221791726279
Olympique Lyonnais (Lyon),Growth,-1.9548622011554881,0.3067081500033285
Olympique Lyonnais (Lyon),Return on Equity,-0.43751173752924766,0.9036447589232579
Olympique Lyonnais (Lyon),Goal Ratio,-2.9980288004666633,0.03507889602280662
Olympique de Marseille,League Standing,-3.999999999999999,0.0014105112530392633
Olympique de Marseille,Net Profit Margin,-0.8752053199108587,0.7960279752946271
Olympique de Marseille,Firm Size,-2.945485682787406,0.040308566932701156
Olympique de Marseille,Leverage,-1.6801075275536048,0.44138971705922825
Olympique de Marseille,Growth,-1.2884242303810174,0.6344514622795271
Olympique de Marseille,Return on Equity,-1.4631950512783647,0.5516333573831735
Olympique de Marseille,Goal Ratio,-4.621214505230093,0.00011802612171663301
Paris Saint-Germain (PSG),League Standing,-2.0000000000000004,0.28657309916843143
Paris Saint-Germain (PSG),Net Profit Margin,-0.4422163990027419,0.9028079656433151
Paris Saint-Germain (PSG),Firm Size,-4.901094291559558,3.470371900373081e-05
Paris Saint-Germain (PSG),Leverage,-0.2576646508115425,0.9312899485924875
Paris Saint-Germain (PSG),Growth,-1.3207621552153685,0.6196208891298419
Paris Saint-Germain (PSG),Return on Equity,0.702996856415677,0.9898974876187344
Paris Saint-Germain (PSG),Goal Ratio,-1.444651199240591,0.5606926259682505
RC Strasbourg Alsace,League Standing,-2.8115924784378628,0.05663684988659259
RC Strasbourg Alsace,Net Profit Margin,-1.5721479585881317,0.49756763401864873
RC Strasbourg Alsace,Firm Size,-1.8174675431187848,0.37182467315517076
RC Strasbourg Alsace,Leverage,-1.0457833086391979,0.7362019879976143
RC Strasbourg Alsace,Growth,-1.8920464739471459,0.3358119014023372
RC Strasbourg Alsace,Return on Equity,-1.6743127327980136,0.4443935448199959
RC Strasbourg Alsace,Goal Ratio,-2.756216431934815,0.06480521621752794
Real Betis,League Standing,-1.403639487321351,0.5805300641384156
Real Betis,Net Profit Margin,-0.7965254618902055,0.8201405568839479
Real Betis,Firm Size,-3.136472534291364,0.02396917863115099
Real Betis,Leverage,0.3274795448734608,0.9785706949763596
Real Betis,Growth,-2.2479870023474255,0.18929193514416198
Real Betis,Return on Equity,-2.308304155930728,0.16930370207088852
Real Betis,Goal Ratio,0.34584800478646827,0.979352906276404
Real Madrid,League Standing,-1.2909944487358058,0.6332822271382456
Real Madrid,Net Profit Margin,-1.2668909499670673,0.6441803938975329
Real Madrid,Firm Size,4.825367925224916,1.0
Real Madrid,Leverage,-0.6211040762520779,0.8661417123394214
Real Madrid,Growth,-10.665203233745023,4.30502810596885e-19
Real Madrid,Return on Equity,-1.2342868078383615,0.6586752859369083
Real Madrid,Goal Ratio,-1.691749774951923,0.43536817574365305
Roma,League Standing,-3.394514291136108,0.011147306627858096
Roma,Net Profit Margin,-0.4756338664613695,0.8966843186822218
Roma,Firm Size,-0.582365818312859,0.8749170518193305
Roma,Leverage,0.8628636509403288,0.9925860354026875
Roma,Growth,-4.582388654354751,0.00013917636463559637
Roma,Return on Equity,-1.3276783731489041,0.616416235406636
Roma,Goal Ratio,-4.552634025310134,0.00015778312873299436
Sampdoria,League Standing,-3.05,0.03048157480164239
Sampdoria,Net Profit Margin,-0.7867051426946196,0.8229961716667761
Sampdoria,Firm Size,-1.6500112459495708,0.4570345596698218
Sampdoria,Leverage,-1.8419747149960073,0.35983039204526657
Sampdoria,Growth,-1.9836881650159417,0.2937707489530661
Sampdoria,Return on Equity,-0.09454174564381303,0.949979490224575
Sampdoria,Goal Ratio,-2.1846533344850907,0.2118624847030775
Sassuolo,League Standing,-1.4142135623730947,0.5754433086874292
Sassuolo,Net Profit Margin,-1.8589645903809229,0.3516047052194754
Sassuolo,Firm Size,-6.87297130566682,1.4992038175225318e-09
Sassuolo,Leverage,-2.2430105483584697,0.1910069116427387
Sassuolo,Growth,-21.075299239708425,0.0
Sassuolo,Return on Equity,-1.8828077469144033,0.3401916058513404
Sassuolo,Goal Ratio,-3.423591573696572,0.010180450204848604
Sevilla,League Standing,-1.6250000000000004,0.47010897831451026
Sevilla,Net Profit Margin,-1.9697930488225062,0.299972786801711
Sevilla,Firm Size,-0.7810882202362301,0.8246142405604453
Sevilla,Leverage,0.5329330301586247,0.985840432866749
Sevilla,Growth,-1.7722217881965716,0.394337377661755
Sevilla,Return on Equity,-1.956649502414993,0.30589806678519105
Sevilla,Goal Ratio,-3.9540362461528042,0.0016712671948477086
Southampton,League Standing,-1.923581946314636,0.3210500238340499
Southampton,Net Profit Margin,-2.071460015339231,0.2561444109923385
Southampton,Firm Size,-0.31925726064151994,0.9227322992335631
Southampton,Leverage,-1.8352627077528878,0.3631005388311368
Southampton,Growth,-2.470340974856333,0.12285844764242354
Southampton,Return on Equity,-1.258783705514992,0.6478116799194122
Southampton,Goal Ratio,-1.562054231891421,0.502621608135812
Stade Rennais,League Standing,-2.6791839148598866,0.07771014533424096
Stade Rennais,Net Profit Margin,-0.29439201664987963,0.9262948436668738
Stade Rennais,Firm Size,-1.7642629959064828,0.39834283148700844
Stade Rennais,Leverage,-1.6244047071148966,0.4704208442805371
Stade Rennais,Growth,-6.189901561651218,6.158967956479945e-08
Stade Rennais,Return on Equity,-2.72859170998618,0.06921998145924411
Stade Rennais,Goal Ratio,-0.7937526593937355,0.820950292036187
Torino,League Standing,-1.386070782504243,0.5889354438566695
Torino,Net Profit Margin,-1.914284545131512,0.3253713359776393
Torino,Firm Size,-2.554232272308878,0.1028301918660604
Torino,Leverage,-0.7563845974301066,0.8315993642419827
Torino,Growth,-1.4161758649097773,0.5744971090258131
Torino,Return on Equity,-1.978393240752742,0.29612651861475536
Torino,Goal Ratio,-1.4678815548854813,0.5493358514153921
Tottenham Hotspur,League Standing,-1.560797945143416,0.5032501755756634
Tottenham Hotspur,Net Profit Margin,-1.6088414030135458,0.4791508137897791
Tottenham Hotspur,Firm Size,-5.548420209915548,1.640681692666794e-06
Tottenham Hotspur,Leverage,0.6362364212349312,0.9884755602030689
Tottenham Hotspur,Growth,-2.1379796033872416,0.229519481912144
Tottenham Hotspur,Return on Equity,-1.3927913202381166,0.5857271293270808
Tottenham Hotspur,Goal Ratio,-2.001957101243434,0.28571563834619573
Trabzonspor,League Standing,-1.536442559194751,0.5154129259151179
Trabzonspor,Net Profit Margin,-3.702774417131878,0.004074298291043877
Trabzonspor,Firm Size,-3.1538344426361546,0.022817325120421405
Trabzonspor,Leverage,0.42886115025403576,0.9825427455819421
Trabzonspor,Growth,-2.3557787849040657,0.1546083145042383
Trabzonspor,Return on Equity,-1.7449647699102617,0.4081067353566249
Trabzonspor,Goal Ratio,-1.9771026193051382,0.29670215398030636
Udinese,League Standing,-2.9999999999999964,0.03489440027534556
Udinese,Net Profit Margin,0.48017029863446004,0.9842577622888344
Udinese,Firm Size,-1.7201590436808774,0.4207570015202988
Udinese,Leverage,-1.4680301130967663,0.5492629716874875
Udinese,Growth,-4.493097163715285,0.00020236512556785375
Udinese,Return on Equity,-15.404274299896803,3.184971355180244e-28
Udinese,Goal Ratio,-0.8962008813254387,0.7892209471764473
Valencia,League Standing,-1.125931162537581,0.7046208690818907
Valencia,Net Profit Margin,-1.073459158052748,0.7255392221265018
Valencia,Firm Size,-0.23477237569175632,0.9342479190925969
Valencia,Leverage,-0.35524043963791646,0.9173080754681426
Valencia,Growth,-2.2982618639618564,0.1725291678035064
Valencia,Return on Equity,0.8517829671384136,0.9924276878448729
Valencia,Goal Ratio,-1.512131328341554,0.5275018363468662
Villarreal,League Standing,-3.105669345222744,0.026136466520557507
Villarreal,Net Profit Margin,-0.37707537317804984,0.9138565806597827
Villarreal,Firm Size,-0.6749629648486044,0.8531285536440889
Villarreal,Leverage,-2.1962707638614405,0.207601737653885
Villarreal,Growth,-1.9458821038190997,0.3107938704534788
Villarreal,Return on Equity,-0.9959498050021249,0.7547386487758182
Villarreal,Goal Ratio,-0.048008415439274386,0.9543771176521447
West Ham United,League Standing,-1.634820069902568,0.4649687185069425
West Ham United,Net Profit Margin,-1.5854427386339227,0.49090186726040025
West Ham United,Firm Size,-0.9344436513323426,0.7764181621465807
West Ham United,Leverage,-1.3650583042304683,0.5989083008897752
West Ham United,Growth,-1.8054205063555533,0.37777390288774837
West Ham United,Return on Equity,-2.454336958832659,0.1269834952704308
West Ham United,Goal Ratio,-1.4209446440479074,0.5721948301343993
